<?xml version="1.0" encoding="utf-8" standalone="yes"?><a:clrScheme name="clr_Corp" xmlns:a="http://schemas.openxmlformats.org/drawingml/2006/main"><a:dk1><a:sysClr val="windowText"/></a:dk1><a:lt1><a:sysClr val="window"/></a:lt1><a:dk2><a:srgbClr val="3377DD"/></a:dk2><a:lt2><a:srgbClr val="888888"/></a:lt2><a:accent1><a:srgbClr val="0077BB"/></a:accent1><a:accent2><a:srgbClr val="EE7700"/></a:accent2><a:accent3><a:srgbClr val="88C633"/></a:accent3><a:accent4><a:srgbClr val="119988"/></a:accent4><a:accent5><a:srgbClr val="993355"/></a:accent5><a:accent6><a:srgbClr val="550088"/></a:accent6><a:hlink><a:srgbClr val="006DAC"/></a:hlink><a:folHlink><a:srgbClr val="400080"/></a:folHlink></a:clrScheme>
